seriesId,seasonality,survey_name,measure_data_type,commerce_industry,commerce_sector,item,area,year,period,periodName,value
CUSR0000SA0,Seasonally Adjusted,CPI for All Urban Consumers (CPI-U),All items,,,"{'year': '2023', 'period': 'M02', 'periodName': 'February', 'latest': 'true', 'value': '301.648', 'footnotes': [{}]}",U.S. city average,2023,M02,February,301.648
CUSR0000SA0,Seasonally Adjusted,CPI for All Urban Consumers (CPI-U),All items,,,"{'year': '2023', 'period': 'M01', 'periodName': 'January', 'value': '300.536', 'footnotes': [{}]}",U.S. city average,2023,M01,January,300.536
CUSR0000SA0,Seasonally Adjusted,CPI for All Urban Consumers (CPI-U),All items,,,"{'year': '2022', 'period': 'M12', 'periodName': 'December', 'value': '298.990', 'footnotes': [{}]}",U.S. city average,2022,M12,December,298.990
CUSR0000SA0,Seasonally Adjusted,CPI for All Urban Consumers (CPI-U),All items,,,"{'year': '2022', 'period': 'M11', 'periodName': 'November', 'value': '298.598', 'footnotes': [{}]}",U.S. city average,2022,M11,November,298.598
CUSR0000SA0,Seasonally Adjusted,CPI for All Urban Consumers (CPI-U),All items,,,"{'year': '2022', 'period': 'M10', 'periodName': 'October', 'value': '297.987', 'footnotes': [{}]}",U.S. city average,2022,M10,October,297.987
CUSR0000SA0,Seasonally Adjusted,CPI for All Urban Consumers (CPI-U),All items,,,"{'year': '2022', 'period': 'M09', 'periodName': 'September', 'value': '296.539', 'footnotes': [{}]}",U.S. city average,2022,M09,September,296.539
CUSR0000SA0,Seasonally Adjusted,CPI for All Urban Consumers (CPI-U),All items,,,"{'year': '2022', 'period': 'M08', 'periodName': 'August', 'value': '295.320', 'footnotes': [{}]}",U.S. city average,2022,M08,August,295.320
CUSR0000SA0,Seasonally Adjusted,CPI for All Urban Consumers (CPI-U),All items,,,"{'year': '2022', 'period': 'M07', 'periodName': 'July', 'value': '294.628', 'footnotes': [{}]}",U.S. city average,2022,M07,July,294.628
CUSR0000SA0,Seasonally Adjusted,CPI for All Urban Consumers (CPI-U),All items,,,"{'year': '2022', 'period': 'M06', 'periodName': 'June', 'value': '294.728', 'footnotes': [{}]}",U.S. city average,2022,M06,June,294.728
CUSR0000SA0,Seasonally Adjusted,CPI for All Urban Consumers (CPI-U),All items,,,"{'year': '2022', 'period': 'M05', 'periodName': 'May', 'value': '291.268', 'footnotes': [{}]}",U.S. city average,2022,M05,May,291.268
CUSR0000SA0,Seasonally Adjusted,CPI for All Urban Consumers (CPI-U),All items,,,"{'year': '2022', 'period': 'M04', 'periodName': 'April', 'value': '288.611', 'footnotes': [{}]}",U.S. city average,2022,M04,April,288.611
CUSR0000SA0,Seasonally Adjusted,CPI for All Urban Consumers (CPI-U),All items,,,"{'year': '2022', 'period': 'M03', 'periodName': 'March', 'value': '287.472', 'footnotes': [{}]}",U.S. city average,2022,M03,March,287.472
CUSR0000SA0,Seasonally Adjusted,CPI for All Urban Consumers (CPI-U),All items,,,"{'year': '2022', 'period': 'M02', 'periodName': 'February', 'value': '284.610', 'footnotes': [{}]}",U.S. city average,2022,M02,February,284.610
CUSR0000SA0,Seasonally Adjusted,CPI for All Urban Consumers (CPI-U),All items,,,"{'year': '2022', 'period': 'M01', 'periodName': 'January', 'value': '282.599', 'footnotes': [{}]}",U.S. city average,2022,M01,January,282.599
CUSR0000SA0,Seasonally Adjusted,CPI for All Urban Consumers (CPI-U),All items,,,"{'year': '2021', 'period': 'M12', 'periodName': 'December', 'value': '280.887', 'footnotes': [{}]}",U.S. city average,2021,M12,December,280.887
CUSR0000SA0,Seasonally Adjusted,CPI for All Urban Consumers (CPI-U),All items,,,"{'year': '2021', 'period': 'M11', 'periodName': 'November', 'value': '278.711', 'footnotes': [{}]}",U.S. city average,2021,M11,November,278.711
CUSR0000SA0,Seasonally Adjusted,CPI for All Urban Consumers (CPI-U),All items,,,"{'year': '2021', 'period': 'M10', 'periodName': 'October', 'value': '276.522', 'footnotes': [{}]}",U.S. city average,2021,M10,October,276.522
CUSR0000SA0,Seasonally Adjusted,CPI for All Urban Consumers (CPI-U),All items,,,"{'year': '2021', 'period': 'M09', 'periodName': 'September', 'value': '274.028', 'footnotes': [{}]}",U.S. city average,2021,M09,September,274.028
CUSR0000SA0,Seasonally Adjusted,CPI for All Urban Consumers (CPI-U),All items,,,"{'year': '2021', 'period': 'M08', 'periodName': 'August', 'value': '272.870', 'footnotes': [{}]}",U.S. city average,2021,M08,August,272.870
CUSR0000SA0,Seasonally Adjusted,CPI for All Urban Consumers (CPI-U),All items,,,"{'year': '2021', 'period': 'M07', 'periodName': 'July', 'value': '271.764', 'footnotes': [{}]}",U.S. city average,2021,M07,July,271.764
CUSR0000SA0,Seasonally Adjusted,CPI for All Urban Consumers (CPI-U),All items,,,"{'year': '2021', 'period': 'M06', 'periodName': 'June', 'value': '270.559', 'footnotes': [{}]}",U.S. city average,2021,M06,June,270.559
CUSR0000SA0,Seasonally Adjusted,CPI for All Urban Consumers (CPI-U),All items,,,"{'year': '2021', 'period': 'M05', 'periodName': 'May', 'value': '268.444', 'footnotes': [{}]}",U.S. city average,2021,M05,May,268.444
CUSR0000SA0,Seasonally Adjusted,CPI for All Urban Consumers (CPI-U),All items,,,"{'year': '2021', 'period': 'M04', 'periodName': 'April', 'value': '266.670', 'footnotes': [{}]}",U.S. city average,2021,M04,April,266.670
CUSR0000SA0,Seasonally Adjusted,CPI for All Urban Consumers (CPI-U),All items,,,"{'year': '2021', 'period': 'M03', 'periodName': 'March', 'value': '264.914', 'footnotes': [{}]}",U.S. city average,2021,M03,March,264.914
CUSR0000SA0,Seasonally Adjusted,CPI for All Urban Consumers (CPI-U),All items,,,"{'year': '2021', 'period': 'M02', 'periodName': 'February', 'value': '263.638', 'footnotes': [{}]}",U.S. city average,2021,M02,February,263.638
CUSR0000SA0,Seasonally Adjusted,CPI for All Urban Consumers (CPI-U),All items,,,"{'year': '2021', 'period': 'M01', 'periodName': 'January', 'value': '262.650', 'footnotes': [{}]}",U.S. city average,2021,M01,January,262.650
CUSR0000SA0,Seasonally Adjusted,CPI for All Urban Consumers (CPI-U),All items,,,"{'year': '2020', 'period': 'M12', 'periodName': 'December', 'value': '262.035', 'footnotes': [{}]}",U.S. city average,2020,M12,December,262.035
CUSR0000SA0,Seasonally Adjusted,CPI for All Urban Consumers (CPI-U),All items,,,"{'year': '2020', 'period': 'M11', 'periodName': 'November', 'value': '260.813', 'footnotes': [{}]}",U.S. city average,2020,M11,November,260.813
CUSR0000SA0,Seasonally Adjusted,CPI for All Urban Consumers (CPI-U),All items,,,"{'year': '2020', 'period': 'M10', 'periodName': 'October', 'value': '260.286', 'footnotes': [{}]}",U.S. city average,2020,M10,October,260.286
CUSR0000SA0,Seasonally Adjusted,CPI for All Urban Consumers (CPI-U),All items,,,"{'year': '2020', 'period': 'M09', 'periodName': 'September', 'value': '260.029', 'footnotes': [{}]}",U.S. city average,2020,M09,September,260.029
CUSR0000SA0,Seasonally Adjusted,CPI for All Urban Consumers (CPI-U),All items,,,"{'year': '2020', 'period': 'M08', 'periodName': 'August', 'value': '259.411', 'footnotes': [{}]}",U.S. city average,2020,M08,August,259.411
CUSR0000SA0,Seasonally Adjusted,CPI for All Urban Consumers (CPI-U),All items,,,"{'year': '2020', 'period': 'M07', 'periodName': 'July', 'value': '258.278', 'footnotes': [{}]}",U.S. city average,2020,M07,July,258.278
CUSR0000SA0,Seasonally Adjusted,CPI for All Urban Consumers (CPI-U),All items,,,"{'year': '2020', 'period': 'M06', 'periodName': 'June', 'value': '256.986', 'footnotes': [{}]}",U.S. city average,2020,M06,June,256.986
CUSR0000SA0,Seasonally Adjusted,CPI for All Urban Consumers (CPI-U),All items,,,"{'year': '2020', 'period': 'M05', 'periodName': 'May', 'value': '255.868', 'footnotes': [{}]}",U.S. city average,2020,M05,May,255.868
CUSR0000SA0,Seasonally Adjusted,CPI for All Urban Consumers (CPI-U),All items,,,"{'year': '2020', 'period': 'M04', 'periodName': 'April', 'value': '256.092', 'footnotes': [{}]}",U.S. city average,2020,M04,April,256.092
CUSR0000SA0,Seasonally Adjusted,CPI for All Urban Consumers (CPI-U),All items,,,"{'year': '2020', 'period': 'M03', 'periodName': 'March', 'value': '258.124', 'footnotes': [{}]}",U.S. city average,2020,M03,March,258.124
CUSR0000SA0,Seasonally Adjusted,CPI for All Urban Consumers (CPI-U),All items,,,"{'year': '2020', 'period': 'M02', 'periodName': 'February', 'value': '259.248', 'footnotes': [{}]}",U.S. city average,2020,M02,February,259.248
CUSR0000SA0,Seasonally Adjusted,CPI for All Urban Consumers (CPI-U),All items,,,"{'year': '2020', 'period': 'M01', 'periodName': 'January', 'value': '259.037', 'footnotes': [{}]}",U.S. city average,2020,M01,January,259.037
CUSR0000SA0,Seasonally Adjusted,CPI for All Urban Consumers (CPI-U),All items,,,"{'year': '2019', 'period': 'M12', 'periodName': 'December', 'value': '258.616', 'footnotes': [{}]}",U.S. city average,2019,M12,December,258.616
CUSR0000SA0,Seasonally Adjusted,CPI for All Urban Consumers (CPI-U),All items,,,"{'year': '2019', 'period': 'M11', 'periodName': 'November', 'value': '257.803', 'footnotes': [{}]}",U.S. city average,2019,M11,November,257.803
CUSR0000SA0,Seasonally Adjusted,CPI for All Urban Consumers (CPI-U),All items,,,"{'year': '2019', 'period': 'M10', 'periodName': 'October', 'value': '257.244', 'footnotes': [{}]}",U.S. city average,2019,M10,October,257.244
CUSR0000SA0,Seasonally Adjusted,CPI for All Urban Consumers (CPI-U),All items,,,"{'year': '2019', 'period': 'M09', 'periodName': 'September', 'value': '256.511', 'footnotes': [{}]}",U.S. city average,2019,M09,September,256.511
CUSR0000SA0,Seasonally Adjusted,CPI for All Urban Consumers (CPI-U),All items,,,"{'year': '2019', 'period': 'M08', 'periodName': 'August', 'value': '256.059', 'footnotes': [{}]}",U.S. city average,2019,M08,August,256.059
CUSR0000SA0,Seasonally Adjusted,CPI for All Urban Consumers (CPI-U),All items,,,"{'year': '2019', 'period': 'M07', 'periodName': 'July', 'value': '255.685', 'footnotes': [{}]}",U.S. city average,2019,M07,July,255.685
CUSR0000SA0,Seasonally Adjusted,CPI for All Urban Consumers (CPI-U),All items,,,"{'year': '2019', 'period': 'M06', 'periodName': 'June', 'value': '255.159', 'footnotes': [{}]}",U.S. city average,2019,M06,June,255.159
CUSR0000SA0,Seasonally Adjusted,CPI for All Urban Consumers (CPI-U),All items,,,"{'year': '2019', 'period': 'M05', 'periodName': 'May', 'value': '255.290', 'footnotes': [{}]}",U.S. city average,2019,M05,May,255.290
CUSR0000SA0,Seasonally Adjusted,CPI for All Urban Consumers (CPI-U),All items,,,"{'year': '2019', 'period': 'M04', 'periodName': 'April', 'value': '255.211', 'footnotes': [{}]}",U.S. city average,2019,M04,April,255.211
CUSR0000SA0,Seasonally Adjusted,CPI for All Urban Consumers (CPI-U),All items,,,"{'year': '2019', 'period': 'M03', 'periodName': 'March', 'value': '254.202', 'footnotes': [{}]}",U.S. city average,2019,M03,March,254.202
CUSR0000SA0,Seasonally Adjusted,CPI for All Urban Consumers (CPI-U),All items,,,"{'year': '2019', 'period': 'M02', 'periodName': 'February', 'value': '253.322', 'footnotes': [{}]}",U.S. city average,2019,M02,February,253.322
CUSR0000SA0,Seasonally Adjusted,CPI for All Urban Consumers (CPI-U),All items,,,"{'year': '2019', 'period': 'M01', 'periodName': 'January', 'value': '252.718', 'footnotes': [{}]}",U.S. city average,2019,M01,January,252.718
CUSR0000SA0,Seasonally Adjusted,CPI for All Urban Consumers (CPI-U),All items,,,"{'year': '2018', 'period': 'M12', 'periodName': 'December', 'value': '252.767', 'footnotes': [{}]}",U.S. city average,2018,M12,December,252.767
CUSR0000SA0,Seasonally Adjusted,CPI for All Urban Consumers (CPI-U),All items,,,"{'year': '2018', 'period': 'M11', 'periodName': 'November', 'value': '252.594', 'footnotes': [{}]}",U.S. city average,2018,M11,November,252.594
CUSR0000SA0,Seasonally Adjusted,CPI for All Urban Consumers (CPI-U),All items,,,"{'year': '2018', 'period': 'M10', 'periodName': 'October', 'value': '252.772', 'footnotes': [{}]}",U.S. city average,2018,M10,October,252.772
CUSR0000SA0,Seasonally Adjusted,CPI for All Urban Consumers (CPI-U),All items,,,"{'year': '2018', 'period': 'M09', 'periodName': 'September', 'value': '252.182', 'footnotes': [{}]}",U.S. city average,2018,M09,September,252.182
CUSR0000SA0,Seasonally Adjusted,CPI for All Urban Consumers (CPI-U),All items,,,"{'year': '2018', 'period': 'M08', 'periodName': 'August', 'value': '251.663', 'footnotes': [{}]}",U.S. city average,2018,M08,August,251.663
CUSR0000SA0,Seasonally Adjusted,CPI for All Urban Consumers (CPI-U),All items,,,"{'year': '2018', 'period': 'M07', 'periodName': 'July', 'value': '251.214', 'footnotes': [{}]}",U.S. city average,2018,M07,July,251.214
CUSR0000SA0,Seasonally Adjusted,CPI for All Urban Consumers (CPI-U),All items,,,"{'year': '2018', 'period': 'M06', 'periodName': 'June', 'value': '251.018', 'footnotes': [{}]}",U.S. city average,2018,M06,June,251.018
CUSR0000SA0,Seasonally Adjusted,CPI for All Urban Consumers (CPI-U),All items,,,"{'year': '2018', 'period': 'M05', 'periodName': 'May', 'value': '250.792', 'footnotes': [{}]}",U.S. city average,2018,M05,May,250.792
CUSR0000SA0,Seasonally Adjusted,CPI for All Urban Consumers (CPI-U),All items,,,"{'year': '2018', 'period': 'M04', 'periodName': 'April', 'value': '250.227', 'footnotes': [{}]}",U.S. city average,2018,M04,April,250.227
CUSR0000SA0,Seasonally Adjusted,CPI for All Urban Consumers (CPI-U),All items,,,"{'year': '2018', 'period': 'M03', 'periodName': 'March', 'value': '249.577', 'footnotes': [{}]}",U.S. city average,2018,M03,March,249.577
CUSR0000SA0,Seasonally Adjusted,CPI for All Urban Consumers (CPI-U),All items,,,"{'year': '2018', 'period': 'M02', 'periodName': 'February', 'value': '249.529', 'footnotes': [{}]}",U.S. city average,2018,M02,February,249.529
CUSR0000SA0,Seasonally Adjusted,CPI for All Urban Consumers (CPI-U),All items,,,"{'year': '2018', 'period': 'M01', 'periodName': 'January', 'value': '248.859', 'footnotes': [{}]}",U.S. city average,2018,M01,January,248.859
CUSR0000SA0,Seasonally Adjusted,CPI for All Urban Consumers (CPI-U),All items,,,"{'year': '2017', 'period': 'M12', 'periodName': 'December', 'value': '247.805', 'footnotes': [{}]}",U.S. city average,2017,M12,December,247.805
CUSR0000SA0,Seasonally Adjusted,CPI for All Urban Consumers (CPI-U),All items,,,"{'year': '2017', 'period': 'M11', 'periodName': 'November', 'value': '247.284', 'footnotes': [{}]}",U.S. city average,2017,M11,November,247.284
CUSR0000SA0,Seasonally Adjusted,CPI for All Urban Consumers (CPI-U),All items,,,"{'year': '2017', 'period': 'M10', 'periodName': 'October', 'value': '246.626', 'footnotes': [{}]}",U.S. city average,2017,M10,October,246.626
CUSR0000SA0,Seasonally Adjusted,CPI for All Urban Consumers (CPI-U),All items,,,"{'year': '2017', 'period': 'M09', 'periodName': 'September', 'value': '246.435', 'footnotes': [{}]}",U.S. city average,2017,M09,September,246.435
CUSR0000SA0,Seasonally Adjusted,CPI for All Urban Consumers (CPI-U),All items,,,"{'year': '2017', 'period': 'M08', 'periodName': 'August', 'value': '245.183', 'footnotes': [{}]}",U.S. city average,2017,M08,August,245.183
CUSR0000SA0,Seasonally Adjusted,CPI for All Urban Consumers (CPI-U),All items,,,"{'year': '2017', 'period': 'M07', 'periodName': 'July', 'value': '244.243', 'footnotes': [{}]}",U.S. city average,2017,M07,July,244.243
CUSR0000SA0,Seasonally Adjusted,CPI for All Urban Consumers (CPI-U),All items,,,"{'year': '2017', 'period': 'M06', 'periodName': 'June', 'value': '244.163', 'footnotes': [{}]}",U.S. city average,2017,M06,June,244.163
CUSR0000SA0,Seasonally Adjusted,CPI for All Urban Consumers (CPI-U),All items,,,"{'year': '2017', 'period': 'M05', 'periodName': 'May', 'value': '244.004', 'footnotes': [{}]}",U.S. city average,2017,M05,May,244.004
CUSR0000SA0,Seasonally Adjusted,CPI for All Urban Consumers (CPI-U),All items,,,"{'year': '2017', 'period': 'M04', 'periodName': 'April', 'value': '244.193', 'footnotes': [{}]}",U.S. city average,2017,M04,April,244.193
CUSR0000SA0,Seasonally Adjusted,CPI for All Urban Consumers (CPI-U),All items,,,"{'year': '2017', 'period': 'M03', 'periodName': 'March', 'value': '243.892', 'footnotes': [{}]}",U.S. city average,2017,M03,March,243.892
CUSR0000SA0,Seasonally Adjusted,CPI for All Urban Consumers (CPI-U),All items,,,"{'year': '2017', 'period': 'M02', 'periodName': 'February', 'value': '244.006', 'footnotes': [{}]}",U.S. city average,2017,M02,February,244.006
CUSR0000SA0,Seasonally Adjusted,CPI for All Urban Consumers (CPI-U),All items,,,"{'year': '2017', 'period': 'M01', 'periodName': 'January', 'value': '243.618', 'footnotes': [{}]}",U.S. city average,2017,M01,January,243.618
CUSR0000SA0,Seasonally Adjusted,CPI for All Urban Consumers (CPI-U),All items,,,"{'year': '2016', 'period': 'M12', 'periodName': 'December', 'value': '242.637', 'footnotes': [{}]}",U.S. city average,2016,M12,December,242.637
CUSR0000SA0,Seasonally Adjusted,CPI for All Urban Consumers (CPI-U),All items,,,"{'year': '2016', 'period': 'M11', 'periodName': 'November', 'value': '242.026', 'footnotes': [{}]}",U.S. city average,2016,M11,November,242.026
CUSR0000SA0,Seasonally Adjusted,CPI for All Urban Consumers (CPI-U),All items,,,"{'year': '2016', 'period': 'M10', 'periodName': 'October', 'value': '241.741', 'footnotes': [{}]}",U.S. city average,2016,M10,October,241.741
CUSR0000SA0,Seasonally Adjusted,CPI for All Urban Consumers (CPI-U),All items,,,"{'year': '2016', 'period': 'M09', 'periodName': 'September', 'value': '241.176', 'footnotes': [{}]}",U.S. city average,2016,M09,September,241.176
CUSR0000SA0,Seasonally Adjusted,CPI for All Urban Consumers (CPI-U),All items,,,"{'year': '2016', 'period': 'M08', 'periodName': 'August', 'value': '240.545', 'footnotes': [{}]}",U.S. city average,2016,M08,August,240.545
CUSR0000SA0,Seasonally Adjusted,CPI for All Urban Consumers (CPI-U),All items,,,"{'year': '2016', 'period': 'M07', 'periodName': 'July', 'value': '240.101', 'footnotes': [{}]}",U.S. city average,2016,M07,July,240.101
CUSR0000SA0,Seasonally Adjusted,CPI for All Urban Consumers (CPI-U),All items,,,"{'year': '2016', 'period': 'M06', 'periodName': 'June', 'value': '240.222', 'footnotes': [{}]}",U.S. city average,2016,M06,June,240.222
CUSR0000SA0,Seasonally Adjusted,CPI for All Urban Consumers (CPI-U),All items,,,"{'year': '2016', 'period': 'M05', 'periodName': 'May', 'value': '239.557', 'footnotes': [{}]}",U.S. city average,2016,M05,May,239.557
CUSR0000SA0,Seasonally Adjusted,CPI for All Urban Consumers (CPI-U),All items,,,"{'year': '2016', 'period': 'M04', 'periodName': 'April', 'value': '238.992', 'footnotes': [{}]}",U.S. city average,2016,M04,April,238.992
CUSR0000SA0,Seasonally Adjusted,CPI for All Urban Consumers (CPI-U),All items,,,"{'year': '2016', 'period': 'M03', 'periodName': 'March', 'value': '238.080', 'footnotes': [{}]}",U.S. city average,2016,M03,March,238.080
CUSR0000SA0,Seasonally Adjusted,CPI for All Urban Consumers (CPI-U),All items,,,"{'year': '2016', 'period': 'M02', 'periodName': 'February', 'value': '237.336', 'footnotes': [{}]}",U.S. city average,2016,M02,February,237.336
CUSR0000SA0,Seasonally Adjusted,CPI for All Urban Consumers (CPI-U),All items,,,"{'year': '2016', 'period': 'M01', 'periodName': 'January', 'value': '237.652', 'footnotes': [{}]}",U.S. city average,2016,M01,January,237.652
CUSR0000SA0,Seasonally Adjusted,CPI for All Urban Consumers (CPI-U),All items,,,"{'year': '2015', 'period': 'M12', 'periodName': 'December', 'value': '237.761', 'footnotes': [{}]}",U.S. city average,2015,M12,December,237.761
CUSR0000SA0,Seasonally Adjusted,CPI for All Urban Consumers (CPI-U),All items,,,"{'year': '2015', 'period': 'M11', 'periodName': 'November', 'value': '238.017', 'footnotes': [{}]}",U.S. city average,2015,M11,November,238.017
CUSR0000SA0,Seasonally Adjusted,CPI for All Urban Consumers (CPI-U),All items,,,"{'year': '2015', 'period': 'M10', 'periodName': 'October', 'value': '237.733', 'footnotes': [{}]}",U.S. city average,2015,M10,October,237.733
CUSR0000SA0,Seasonally Adjusted,CPI for All Urban Consumers (CPI-U),All items,,,"{'year': '2015', 'period': 'M09', 'periodName': 'September', 'value': '237.498', 'footnotes': [{}]}",U.S. city average,2015,M09,September,237.498
CUSR0000SA0,Seasonally Adjusted,CPI for All Urban Consumers (CPI-U),All items,,,"{'year': '2015', 'period': 'M08', 'periodName': 'August', 'value': '238.033', 'footnotes': [{}]}",U.S. city average,2015,M08,August,238.033
CUSR0000SA0,Seasonally Adjusted,CPI for All Urban Consumers (CPI-U),All items,,,"{'year': '2015', 'period': 'M07', 'periodName': 'July', 'value': '238.034', 'footnotes': [{}]}",U.S. city average,2015,M07,July,238.034
CUSR0000SA0,Seasonally Adjusted,CPI for All Urban Consumers (CPI-U),All items,,,"{'year': '2015', 'period': 'M06', 'periodName': 'June', 'value': '237.657', 'footnotes': [{}]}",U.S. city average,2015,M06,June,237.657
CUSR0000SA0,Seasonally Adjusted,CPI for All Urban Consumers (CPI-U),All items,,,"{'year': '2015', 'period': 'M05', 'periodName': 'May', 'value': '237.001', 'footnotes': [{}]}",U.S. city average,2015,M05,May,237.001
CUSR0000SA0,Seasonally Adjusted,CPI for All Urban Consumers (CPI-U),All items,,,"{'year': '2015', 'period': 'M04', 'periodName': 'April', 'value': '236.222', 'footnotes': [{}]}",U.S. city average,2015,M04,April,236.222
CUSR0000SA0,Seasonally Adjusted,CPI for All Urban Consumers (CPI-U),All items,,,"{'year': '2015', 'period': 'M03', 'periodName': 'March', 'value': '235.976', 'footnotes': [{}]}",U.S. city average,2015,M03,March,235.976
CUSR0000SA0,Seasonally Adjusted,CPI for All Urban Consumers (CPI-U),All items,,,"{'year': '2015', 'period': 'M02', 'periodName': 'February', 'value': '235.342', 'footnotes': [{}]}",U.S. city average,2015,M02,February,235.342
CUSR0000SA0,Seasonally Adjusted,CPI for All Urban Consumers (CPI-U),All items,,,"{'year': '2015', 'period': 'M01', 'periodName': 'January', 'value': '234.747', 'footnotes': [{}]}",U.S. city average,2015,M01,January,234.747
CUSR0000SA0,Seasonally Adjusted,CPI for All Urban Consumers (CPI-U),All items,,,"{'year': '2014', 'period': 'M12', 'periodName': 'December', 'value': '236.252', 'footnotes': [{}]}",U.S. city average,2014,M12,December,236.252
CUSR0000SA0,Seasonally Adjusted,CPI for All Urban Consumers (CPI-U),All items,,,"{'year': '2014', 'period': 'M11', 'periodName': 'November', 'value': '236.983', 'footnotes': [{}]}",U.S. city average,2014,M11,November,236.983
CUSR0000SA0,Seasonally Adjusted,CPI for All Urban Consumers (CPI-U),All items,,,"{'year': '2014', 'period': 'M10', 'periodName': 'October', 'value': '237.430', 'footnotes': [{}]}",U.S. city average,2014,M10,October,237.430
CUSR0000SA0,Seasonally Adjusted,CPI for All Urban Consumers (CPI-U),All items,,,"{'year': '2014', 'period': 'M09', 'periodName': 'September', 'value': '237.477', 'footnotes': [{}]}",U.S. city average,2014,M09,September,237.477
CUSR0000SA0,Seasonally Adjusted,CPI for All Urban Consumers (CPI-U),All items,,,"{'year': '2014', 'period': 'M08', 'periodName': 'August', 'value': '237.460', 'footnotes': [{}]}",U.S. city average,2014,M08,August,237.460
CUSR0000SA0,Seasonally Adjusted,CPI for All Urban Consumers (CPI-U),All items,,,"{'year': '2014', 'period': 'M07', 'periodName': 'July', 'value': '237.498', 'footnotes': [{}]}",U.S. city average,2014,M07,July,237.498
CUSR0000SA0,Seasonally Adjusted,CPI for All Urban Consumers (CPI-U),All items,,,"{'year': '2014', 'period': 'M06', 'periodName': 'June', 'value': '237.231', 'footnotes': [{}]}",U.S. city average,2014,M06,June,237.231
CUSR0000SA0,Seasonally Adjusted,CPI for All Urban Consumers (CPI-U),All items,,,"{'year': '2014', 'period': 'M05', 'periodName': 'May', 'value': '236.918', 'footnotes': [{}]}",U.S. city average,2014,M05,May,236.918
CUSR0000SA0,Seasonally Adjusted,CPI for All Urban Consumers (CPI-U),All items,,,"{'year': '2014', 'period': 'M04', 'periodName': 'April', 'value': '236.468', 'footnotes': [{}]}",U.S. city average,2014,M04,April,236.468
CUSR0000SA0,Seasonally Adjusted,CPI for All Urban Consumers (CPI-U),All items,,,"{'year': '2014', 'period': 'M03', 'periodName': 'March', 'value': '236.028', 'footnotes': [{}]}",U.S. city average,2014,M03,March,236.028
CUSR0000SA0,Seasonally Adjusted,CPI for All Urban Consumers (CPI-U),All items,,,"{'year': '2014', 'period': 'M02', 'periodName': 'February', 'value': '235.547', 'footnotes': [{}]}",U.S. city average,2014,M02,February,235.547
CUSR0000SA0,Seasonally Adjusted,CPI for All Urban Consumers (CPI-U),All items,,,"{'year': '2014', 'period': 'M01', 'periodName': 'January', 'value': '235.288', 'footnotes': [{}]}",U.S. city average,2014,M01,January,235.288
CUSR0000SA0,Seasonally Adjusted,CPI for All Urban Consumers (CPI-U),All items,,,"{'year': '2013', 'period': 'M12', 'periodName': 'December', 'value': '234.719', 'footnotes': [{}]}",U.S. city average,2013,M12,December,234.719
CUSR0000SA0,Seasonally Adjusted,CPI for All Urban Consumers (CPI-U),All items,,,"{'year': '2013', 'period': 'M11', 'periodName': 'November', 'value': '234.100', 'footnotes': [{}]}",U.S. city average,2013,M11,November,234.100
CUSR0000SA0,Seasonally Adjusted,CPI for All Urban Consumers (CPI-U),All items,,,"{'year': '2013', 'period': 'M10', 'periodName': 'October', 'value': '233.669', 'footnotes': [{}]}",U.S. city average,2013,M10,October,233.669
CUSR0000SA0,Seasonally Adjusted,CPI for All Urban Consumers (CPI-U),All items,,,"{'year': '2013', 'period': 'M09', 'periodName': 'September', 'value': '233.544', 'footnotes': [{}]}",U.S. city average,2013,M09,September,233.544
CUSR0000SA0,Seasonally Adjusted,CPI for All Urban Consumers (CPI-U),All items,,,"{'year': '2013', 'period': 'M08', 'periodName': 'August', 'value': '233.456', 'footnotes': [{}]}",U.S. city average,2013,M08,August,233.456
CUSR0000SA0,Seasonally Adjusted,CPI for All Urban Consumers (CPI-U),All items,,,"{'year': '2013', 'period': 'M07', 'periodName': 'July', 'value': '232.900', 'footnotes': [{}]}",U.S. city average,2013,M07,July,232.900
CUSR0000SA0,Seasonally Adjusted,CPI for All Urban Consumers (CPI-U),All items,,,"{'year': '2013', 'period': 'M06', 'periodName': 'June', 'value': '232.445', 'footnotes': [{}]}",U.S. city average,2013,M06,June,232.445
CUSR0000SA0,Seasonally Adjusted,CPI for All Urban Consumers (CPI-U),All items,,,"{'year': '2013', 'period': 'M05', 'periodName': 'May', 'value': '231.893', 'footnotes': [{}]}",U.S. city average,2013,M05,May,231.893
CUSR0000SA0,Seasonally Adjusted,CPI for All Urban Consumers (CPI-U),All items,,,"{'year': '2013', 'period': 'M04', 'periodName': 'April', 'value': '231.797', 'footnotes': [{}]}",U.S. city average,2013,M04,April,231.797
CUSR0000SA0,Seasonally Adjusted,CPI for All Urban Consumers (CPI-U),All items,,,"{'year': '2013', 'period': 'M03', 'periodName': 'March', 'value': '232.282', 'footnotes': [{}]}",U.S. city average,2013,M03,March,232.282
CUSR0000SA0,Seasonally Adjusted,CPI for All Urban Consumers (CPI-U),All items,,,"{'year': '2013', 'period': 'M02', 'periodName': 'February', 'value': '232.937', 'footnotes': [{}]}",U.S. city average,2013,M02,February,232.937
CUSR0000SA0,Seasonally Adjusted,CPI for All Urban Consumers (CPI-U),All items,,,"{'year': '2013', 'period': 'M01', 'periodName': 'January', 'value': '231.679', 'footnotes': [{}]}",U.S. city average,2013,M01,January,231.679
CUSR0000SA0,Seasonally Adjusted,CPI for All Urban Consumers (CPI-U),All items,,,"{'year': '2012', 'period': 'M12', 'periodName': 'December', 'value': '231.221', 'footnotes': [{}]}",U.S. city average,2012,M12,December,231.221
CUSR0000SA0,Seasonally Adjusted,CPI for All Urban Consumers (CPI-U),All items,,,"{'year': '2012', 'period': 'M11', 'periodName': 'November', 'value': '231.249', 'footnotes': [{}]}",U.S. city average,2012,M11,November,231.249
CUSR0000SA0,Seasonally Adjusted,CPI for All Urban Consumers (CPI-U),All items,,,"{'year': '2012', 'period': 'M10', 'periodName': 'October', 'value': '231.638', 'footnotes': [{}]}",U.S. city average,2012,M10,October,231.638
CUSR0000SA0,Seasonally Adjusted,CPI for All Urban Consumers (CPI-U),All items,,,"{'year': '2012', 'period': 'M09', 'periodName': 'September', 'value': '231.015', 'footnotes': [{}]}",U.S. city average,2012,M09,September,231.015
CUSR0000SA0,Seasonally Adjusted,CPI for All Urban Consumers (CPI-U),All items,,,"{'year': '2012', 'period': 'M08', 'periodName': 'August', 'value': '229.918', 'footnotes': [{}]}",U.S. city average,2012,M08,August,229.918
CUSR0000SA0,Seasonally Adjusted,CPI for All Urban Consumers (CPI-U),All items,,,"{'year': '2012', 'period': 'M07', 'periodName': 'July', 'value': '228.590', 'footnotes': [{}]}",U.S. city average,2012,M07,July,228.590
CUSR0000SA0,Seasonally Adjusted,CPI for All Urban Consumers (CPI-U),All items,,,"{'year': '2012', 'period': 'M06', 'periodName': 'June', 'value': '228.524', 'footnotes': [{}]}",U.S. city average,2012,M06,June,228.524
CUSR0000SA0,Seasonally Adjusted,CPI for All Urban Consumers (CPI-U),All items,,,"{'year': '2012', 'period': 'M05', 'periodName': 'May', 'value': '228.713', 'footnotes': [{}]}",U.S. city average,2012,M05,May,228.713
CUSR0000SA0,Seasonally Adjusted,CPI for All Urban Consumers (CPI-U),All items,,,"{'year': '2012', 'period': 'M04', 'periodName': 'April', 'value': '229.187', 'footnotes': [{}]}",U.S. city average,2012,M04,April,229.187
CUSR0000SA0,Seasonally Adjusted,CPI for All Urban Consumers (CPI-U),All items,,,"{'year': '2012', 'period': 'M03', 'periodName': 'March', 'value': '228.807', 'footnotes': [{}]}",U.S. city average,2012,M03,March,228.807
CUSR0000SA0,Seasonally Adjusted,CPI for All Urban Consumers (CPI-U),All items,,,"{'year': '2012', 'period': 'M02', 'periodName': 'February', 'value': '228.329', 'footnotes': [{}]}",U.S. city average,2012,M02,February,228.329
CUSR0000SA0,Seasonally Adjusted,CPI for All Urban Consumers (CPI-U),All items,,,"{'year': '2012', 'period': 'M01', 'periodName': 'January', 'value': '227.842', 'footnotes': [{}]}",U.S. city average,2012,M01,January,227.842
CUSR0000SA0,Seasonally Adjusted,CPI for All Urban Consumers (CPI-U),All items,,,"{'year': '2011', 'period': 'M12', 'periodName': 'December', 'value': '227.223', 'footnotes': [{}]}",U.S. city average,2011,M12,December,227.223
CUSR0000SA0,Seasonally Adjusted,CPI for All Urban Consumers (CPI-U),All items,,,"{'year': '2011', 'period': 'M11', 'periodName': 'November', 'value': '227.169', 'footnotes': [{}]}",U.S. city average,2011,M11,November,227.169
CUSR0000SA0,Seasonally Adjusted,CPI for All Urban Consumers (CPI-U),All items,,,"{'year': '2011', 'period': 'M10', 'periodName': 'October', 'value': '226.750', 'footnotes': [{}]}",U.S. city average,2011,M10,October,226.750
CUSR0000SA0,Seasonally Adjusted,CPI for All Urban Consumers (CPI-U),All items,,,"{'year': '2011', 'period': 'M09', 'periodName': 'September', 'value': '226.597', 'footnotes': [{}]}",U.S. city average,2011,M09,September,226.597
CUSR0000SA0,Seasonally Adjusted,CPI for All Urban Consumers (CPI-U),All items,,,"{'year': '2011', 'period': 'M08', 'periodName': 'August', 'value': '226.106', 'footnotes': [{}]}",U.S. city average,2011,M08,August,226.106
CUSR0000SA0,Seasonally Adjusted,CPI for All Urban Consumers (CPI-U),All items,,,"{'year': '2011', 'period': 'M07', 'periodName': 'July', 'value': '225.395', 'footnotes': [{}]}",U.S. city average,2011,M07,July,225.395
CUSR0000SA0,Seasonally Adjusted,CPI for All Urban Consumers (CPI-U),All items,,,"{'year': '2011', 'period': 'M06', 'periodName': 'June', 'value': '224.806', 'footnotes': [{}]}",U.S. city average,2011,M06,June,224.806
CUSR0000SA0,Seasonally Adjusted,CPI for All Urban Consumers (CPI-U),All items,,,"{'year': '2011', 'period': 'M05', 'periodName': 'May', 'value': '224.806', 'footnotes': [{}]}",U.S. city average,2011,M05,May,224.806
CUSR0000SA0,Seasonally Adjusted,CPI for All Urban Consumers (CPI-U),All items,,,"{'year': '2011', 'period': 'M04', 'periodName': 'April', 'value': '224.093', 'footnotes': [{}]}",U.S. city average,2011,M04,April,224.093
CUSR0000SA0,Seasonally Adjusted,CPI for All Urban Consumers (CPI-U),All items,,,"{'year': '2011', 'period': 'M03', 'periodName': 'March', 'value': '223.046', 'footnotes': [{}]}",U.S. city average,2011,M03,March,223.046
CUSR0000SA0,Seasonally Adjusted,CPI for All Urban Consumers (CPI-U),All items,,,"{'year': '2011', 'period': 'M02', 'periodName': 'February', 'value': '221.898', 'footnotes': [{}]}",U.S. city average,2011,M02,February,221.898
CUSR0000SA0,Seasonally Adjusted,CPI for All Urban Consumers (CPI-U),All items,,,"{'year': '2011', 'period': 'M01', 'periodName': 'January', 'value': '221.187', 'footnotes': [{}]}",U.S. city average,2011,M01,January,221.187
CUSR0000SA0,Seasonally Adjusted,CPI for All Urban Consumers (CPI-U),All items,,,"{'year': '2010', 'period': 'M12', 'periodName': 'December', 'value': '220.472', 'footnotes': [{}]}",U.S. city average,2010,M12,December,220.472
CUSR0000SA0,Seasonally Adjusted,CPI for All Urban Consumers (CPI-U),All items,,,"{'year': '2010', 'period': 'M11', 'periodName': 'November', 'value': '219.590', 'footnotes': [{}]}",U.S. city average,2010,M11,November,219.590
CUSR0000SA0,Seasonally Adjusted,CPI for All Urban Consumers (CPI-U),All items,,,"{'year': '2010', 'period': 'M10', 'periodName': 'October', 'value': '219.035', 'footnotes': [{}]}",U.S. city average,2010,M10,October,219.035
CUSR0000SA0,Seasonally Adjusted,CPI for All Urban Consumers (CPI-U),All items,,,"{'year': '2010', 'period': 'M09', 'periodName': 'September', 'value': '218.275', 'footnotes': [{}]}",U.S. city average,2010,M09,September,218.275
CUSR0000SA0,Seasonally Adjusted,CPI for All Urban Consumers (CPI-U),All items,,,"{'year': '2010', 'period': 'M08', 'periodName': 'August', 'value': '217.923', 'footnotes': [{}]}",U.S. city average,2010,M08,August,217.923
CUSR0000SA0,Seasonally Adjusted,CPI for All Urban Consumers (CPI-U),All items,,,"{'year': '2010', 'period': 'M07', 'periodName': 'July', 'value': '217.605', 'footnotes': [{}]}",U.S. city average,2010,M07,July,217.605
CUSR0000SA0,Seasonally Adjusted,CPI for All Urban Consumers (CPI-U),All items,,,"{'year': '2010', 'period': 'M06', 'periodName': 'June', 'value': '217.199', 'footnotes': [{}]}",U.S. city average,2010,M06,June,217.199
CUSR0000SA0,Seasonally Adjusted,CPI for All Urban Consumers (CPI-U),All items,,,"{'year': '2010', 'period': 'M05', 'periodName': 'May', 'value': '217.290', 'footnotes': [{}]}",U.S. city average,2010,M05,May,217.290
CUSR0000SA0,Seasonally Adjusted,CPI for All Urban Consumers (CPI-U),All items,,,"{'year': '2010', 'period': 'M04', 'periodName': 'April', 'value': '217.403', 'footnotes': [{}]}",U.S. city average,2010,M04,April,217.403
CUSR0000SA0,Seasonally Adjusted,CPI for All Urban Consumers (CPI-U),All items,,,"{'year': '2010', 'period': 'M03', 'periodName': 'March', 'value': '217.353', 'footnotes': [{}]}",U.S. city average,2010,M03,March,217.353
CUSR0000SA0,Seasonally Adjusted,CPI for All Urban Consumers (CPI-U),All items,,,"{'year': '2010', 'period': 'M02', 'periodName': 'February', 'value': '217.281', 'footnotes': [{}]}",U.S. city average,2010,M02,February,217.281
CUSR0000SA0,Seasonally Adjusted,CPI for All Urban Consumers (CPI-U),All items,,,"{'year': '2010', 'period': 'M01', 'periodName': 'January', 'value': '217.488', 'footnotes': [{}]}",U.S. city average,2010,M01,January,217.488
