seriesId,seasonality,survey_name,measure_data_type,commerce_industry,commerce_sector,area,year,period,periodName,value
SMU19197802023800001,Not Seasonally Adjusted,"State and Area Employment, Hours, and Earnings","All Employees, In Thousands",Specialty Trade Contractors,Construction,"Des Moines-West Des Moines, IA",2023,M01,January,15.8
SMU19197802023800001,Not Seasonally Adjusted,"State and Area Employment, Hours, and Earnings","All Employees, In Thousands",Specialty Trade Contractors,Construction,"Des Moines-West Des Moines, IA",2022,M13,Annual,16.5
SMU19197802023800001,Not Seasonally Adjusted,"State and Area Employment, Hours, and Earnings","All Employees, In Thousands",Specialty Trade Contractors,Construction,"Des Moines-West Des Moines, IA",2022,M12,December,16.5
SMU19197802023800001,Not Seasonally Adjusted,"State and Area Employment, Hours, and Earnings","All Employees, In Thousands",Specialty Trade Contractors,Construction,"Des Moines-West Des Moines, IA",2022,M11,November,17.4
SMU19197802023800001,Not Seasonally Adjusted,"State and Area Employment, Hours, and Earnings","All Employees, In Thousands",Specialty Trade Contractors,Construction,"Des Moines-West Des Moines, IA",2022,M10,October,17.7
SMU19197802023800001,Not Seasonally Adjusted,"State and Area Employment, Hours, and Earnings","All Employees, In Thousands",Specialty Trade Contractors,Construction,"Des Moines-West Des Moines, IA",2022,M09,September,17.6
SMU19197802023800001,Not Seasonally Adjusted,"State and Area Employment, Hours, and Earnings","All Employees, In Thousands",Specialty Trade Contractors,Construction,"Des Moines-West Des Moines, IA",2022,M08,August,17.6
SMU19197802023800001,Not Seasonally Adjusted,"State and Area Employment, Hours, and Earnings","All Employees, In Thousands",Specialty Trade Contractors,Construction,"Des Moines-West Des Moines, IA",2022,M07,July,17.6
SMU19197802023800001,Not Seasonally Adjusted,"State and Area Employment, Hours, and Earnings","All Employees, In Thousands",Specialty Trade Contractors,Construction,"Des Moines-West Des Moines, IA",2022,M06,June,17.3
SMU19197802023800001,Not Seasonally Adjusted,"State and Area Employment, Hours, and Earnings","All Employees, In Thousands",Specialty Trade Contractors,Construction,"Des Moines-West Des Moines, IA",2022,M05,May,16.8
SMU19197802023800001,Not Seasonally Adjusted,"State and Area Employment, Hours, and Earnings","All Employees, In Thousands",Specialty Trade Contractors,Construction,"Des Moines-West Des Moines, IA",2022,M04,April,16.2
SMU19197802023800001,Not Seasonally Adjusted,"State and Area Employment, Hours, and Earnings","All Employees, In Thousands",Specialty Trade Contractors,Construction,"Des Moines-West Des Moines, IA",2022,M03,March,14.9
SMU19197802023800001,Not Seasonally Adjusted,"State and Area Employment, Hours, and Earnings","All Employees, In Thousands",Specialty Trade Contractors,Construction,"Des Moines-West Des Moines, IA",2022,M02,February,14.4
SMU19197802023800001,Not Seasonally Adjusted,"State and Area Employment, Hours, and Earnings","All Employees, In Thousands",Specialty Trade Contractors,Construction,"Des Moines-West Des Moines, IA",2022,M01,January,14.3
SMU19197802023800001,Not Seasonally Adjusted,"State and Area Employment, Hours, and Earnings","All Employees, In Thousands",Specialty Trade Contractors,Construction,"Des Moines-West Des Moines, IA",2021,M13,Annual,15.3
SMU19197802023800001,Not Seasonally Adjusted,"State and Area Employment, Hours, and Earnings","All Employees, In Thousands",Specialty Trade Contractors,Construction,"Des Moines-West Des Moines, IA",2021,M12,December,15.8
SMU19197802023800001,Not Seasonally Adjusted,"State and Area Employment, Hours, and Earnings","All Employees, In Thousands",Specialty Trade Contractors,Construction,"Des Moines-West Des Moines, IA",2021,M11,November,16.1
SMU19197802023800001,Not Seasonally Adjusted,"State and Area Employment, Hours, and Earnings","All Employees, In Thousands",Specialty Trade Contractors,Construction,"Des Moines-West Des Moines, IA",2021,M10,October,16.2
SMU19197802023800001,Not Seasonally Adjusted,"State and Area Employment, Hours, and Earnings","All Employees, In Thousands",Specialty Trade Contractors,Construction,"Des Moines-West Des Moines, IA",2021,M09,September,16.2
SMU19197802023800001,Not Seasonally Adjusted,"State and Area Employment, Hours, and Earnings","All Employees, In Thousands",Specialty Trade Contractors,Construction,"Des Moines-West Des Moines, IA",2021,M08,August,16.3
SMU19197802023800001,Not Seasonally Adjusted,"State and Area Employment, Hours, and Earnings","All Employees, In Thousands",Specialty Trade Contractors,Construction,"Des Moines-West Des Moines, IA",2021,M07,July,16.3
SMU19197802023800001,Not Seasonally Adjusted,"State and Area Employment, Hours, and Earnings","All Employees, In Thousands",Specialty Trade Contractors,Construction,"Des Moines-West Des Moines, IA",2021,M06,June,16.0
SMU19197802023800001,Not Seasonally Adjusted,"State and Area Employment, Hours, and Earnings","All Employees, In Thousands",Specialty Trade Contractors,Construction,"Des Moines-West Des Moines, IA",2021,M05,May,15.5
SMU19197802023800001,Not Seasonally Adjusted,"State and Area Employment, Hours, and Earnings","All Employees, In Thousands",Specialty Trade Contractors,Construction,"Des Moines-West Des Moines, IA",2021,M04,April,15.1
SMU19197802023800001,Not Seasonally Adjusted,"State and Area Employment, Hours, and Earnings","All Employees, In Thousands",Specialty Trade Contractors,Construction,"Des Moines-West Des Moines, IA",2021,M03,March,13.7
SMU19197802023800001,Not Seasonally Adjusted,"State and Area Employment, Hours, and Earnings","All Employees, In Thousands",Specialty Trade Contractors,Construction,"Des Moines-West Des Moines, IA",2021,M02,February,12.6
SMU19197802023800001,Not Seasonally Adjusted,"State and Area Employment, Hours, and Earnings","All Employees, In Thousands",Specialty Trade Contractors,Construction,"Des Moines-West Des Moines, IA",2021,M01,January,13.3
SMU19197802023800001,Not Seasonally Adjusted,"State and Area Employment, Hours, and Earnings","All Employees, In Thousands",Specialty Trade Contractors,Construction,"Des Moines-West Des Moines, IA",2020,M13,Annual,14.4
SMU19197802023800001,Not Seasonally Adjusted,"State and Area Employment, Hours, and Earnings","All Employees, In Thousands",Specialty Trade Contractors,Construction,"Des Moines-West Des Moines, IA",2020,M12,December,14.7
SMU19197802023800001,Not Seasonally Adjusted,"State and Area Employment, Hours, and Earnings","All Employees, In Thousands",Specialty Trade Contractors,Construction,"Des Moines-West Des Moines, IA",2020,M11,November,15.1
SMU19197802023800001,Not Seasonally Adjusted,"State and Area Employment, Hours, and Earnings","All Employees, In Thousands",Specialty Trade Contractors,Construction,"Des Moines-West Des Moines, IA",2020,M10,October,15.1
SMU19197802023800001,Not Seasonally Adjusted,"State and Area Employment, Hours, and Earnings","All Employees, In Thousands",Specialty Trade Contractors,Construction,"Des Moines-West Des Moines, IA",2020,M09,September,14.6
SMU19197802023800001,Not Seasonally Adjusted,"State and Area Employment, Hours, and Earnings","All Employees, In Thousands",Specialty Trade Contractors,Construction,"Des Moines-West Des Moines, IA",2020,M08,August,15.2
SMU19197802023800001,Not Seasonally Adjusted,"State and Area Employment, Hours, and Earnings","All Employees, In Thousands",Specialty Trade Contractors,Construction,"Des Moines-West Des Moines, IA",2020,M07,July,15.1
SMU19197802023800001,Not Seasonally Adjusted,"State and Area Employment, Hours, and Earnings","All Employees, In Thousands",Specialty Trade Contractors,Construction,"Des Moines-West Des Moines, IA",2020,M06,June,14.8
SMU19197802023800001,Not Seasonally Adjusted,"State and Area Employment, Hours, and Earnings","All Employees, In Thousands",Specialty Trade Contractors,Construction,"Des Moines-West Des Moines, IA",2020,M05,May,14.4
SMU19197802023800001,Not Seasonally Adjusted,"State and Area Employment, Hours, and Earnings","All Employees, In Thousands",Specialty Trade Contractors,Construction,"Des Moines-West Des Moines, IA",2020,M04,April,13.7
SMU19197802023800001,Not Seasonally Adjusted,"State and Area Employment, Hours, and Earnings","All Employees, In Thousands",Specialty Trade Contractors,Construction,"Des Moines-West Des Moines, IA",2020,M03,March,13.7
SMU19197802023800001,Not Seasonally Adjusted,"State and Area Employment, Hours, and Earnings","All Employees, In Thousands",Specialty Trade Contractors,Construction,"Des Moines-West Des Moines, IA",2020,M02,February,13.2
SMU19197802023800001,Not Seasonally Adjusted,"State and Area Employment, Hours, and Earnings","All Employees, In Thousands",Specialty Trade Contractors,Construction,"Des Moines-West Des Moines, IA",2020,M01,January,13.3
SMU19197802023800001,Not Seasonally Adjusted,"State and Area Employment, Hours, and Earnings","All Employees, In Thousands",Specialty Trade Contractors,Construction,"Des Moines-West Des Moines, IA",2019,M13,Annual,14.3
SMU19197802023800001,Not Seasonally Adjusted,"State and Area Employment, Hours, and Earnings","All Employees, In Thousands",Specialty Trade Contractors,Construction,"Des Moines-West Des Moines, IA",2019,M12,December,14.4
SMU19197802023800001,Not Seasonally Adjusted,"State and Area Employment, Hours, and Earnings","All Employees, In Thousands",Specialty Trade Contractors,Construction,"Des Moines-West Des Moines, IA",2019,M11,November,14.8
SMU19197802023800001,Not Seasonally Adjusted,"State and Area Employment, Hours, and Earnings","All Employees, In Thousands",Specialty Trade Contractors,Construction,"Des Moines-West Des Moines, IA",2019,M10,October,15.1
SMU19197802023800001,Not Seasonally Adjusted,"State and Area Employment, Hours, and Earnings","All Employees, In Thousands",Specialty Trade Contractors,Construction,"Des Moines-West Des Moines, IA",2019,M09,September,15.3
SMU19197802023800001,Not Seasonally Adjusted,"State and Area Employment, Hours, and Earnings","All Employees, In Thousands",Specialty Trade Contractors,Construction,"Des Moines-West Des Moines, IA",2019,M08,August,15.4
SMU19197802023800001,Not Seasonally Adjusted,"State and Area Employment, Hours, and Earnings","All Employees, In Thousands",Specialty Trade Contractors,Construction,"Des Moines-West Des Moines, IA",2019,M07,July,15.2
SMU19197802023800001,Not Seasonally Adjusted,"State and Area Employment, Hours, and Earnings","All Employees, In Thousands",Specialty Trade Contractors,Construction,"Des Moines-West Des Moines, IA",2019,M06,June,14.9
SMU19197802023800001,Not Seasonally Adjusted,"State and Area Employment, Hours, and Earnings","All Employees, In Thousands",Specialty Trade Contractors,Construction,"Des Moines-West Des Moines, IA",2019,M05,May,14.4
SMU19197802023800001,Not Seasonally Adjusted,"State and Area Employment, Hours, and Earnings","All Employees, In Thousands",Specialty Trade Contractors,Construction,"Des Moines-West Des Moines, IA",2019,M04,April,13.9
SMU19197802023800001,Not Seasonally Adjusted,"State and Area Employment, Hours, and Earnings","All Employees, In Thousands",Specialty Trade Contractors,Construction,"Des Moines-West Des Moines, IA",2019,M03,March,12.7
SMU19197802023800001,Not Seasonally Adjusted,"State and Area Employment, Hours, and Earnings","All Employees, In Thousands",Specialty Trade Contractors,Construction,"Des Moines-West Des Moines, IA",2019,M02,February,12.5
SMU19197802023800001,Not Seasonally Adjusted,"State and Area Employment, Hours, and Earnings","All Employees, In Thousands",Specialty Trade Contractors,Construction,"Des Moines-West Des Moines, IA",2019,M01,January,13.2
SMU19197802023800001,Not Seasonally Adjusted,"State and Area Employment, Hours, and Earnings","All Employees, In Thousands",Specialty Trade Contractors,Construction,"Des Moines-West Des Moines, IA",2018,M13,Annual,14.4
SMU19197802023800001,Not Seasonally Adjusted,"State and Area Employment, Hours, and Earnings","All Employees, In Thousands",Specialty Trade Contractors,Construction,"Des Moines-West Des Moines, IA",2018,M12,December,14.0
SMU19197802023800001,Not Seasonally Adjusted,"State and Area Employment, Hours, and Earnings","All Employees, In Thousands",Specialty Trade Contractors,Construction,"Des Moines-West Des Moines, IA",2018,M11,November,14.7
SMU19197802023800001,Not Seasonally Adjusted,"State and Area Employment, Hours, and Earnings","All Employees, In Thousands",Specialty Trade Contractors,Construction,"Des Moines-West Des Moines, IA",2018,M10,October,14.8
SMU19197802023800001,Not Seasonally Adjusted,"State and Area Employment, Hours, and Earnings","All Employees, In Thousands",Specialty Trade Contractors,Construction,"Des Moines-West Des Moines, IA",2018,M09,September,15.1
SMU19197802023800001,Not Seasonally Adjusted,"State and Area Employment, Hours, and Earnings","All Employees, In Thousands",Specialty Trade Contractors,Construction,"Des Moines-West Des Moines, IA",2018,M08,August,15.4
SMU19197802023800001,Not Seasonally Adjusted,"State and Area Employment, Hours, and Earnings","All Employees, In Thousands",Specialty Trade Contractors,Construction,"Des Moines-West Des Moines, IA",2018,M07,July,15.2
SMU19197802023800001,Not Seasonally Adjusted,"State and Area Employment, Hours, and Earnings","All Employees, In Thousands",Specialty Trade Contractors,Construction,"Des Moines-West Des Moines, IA",2018,M06,June,15.2
SMU19197802023800001,Not Seasonally Adjusted,"State and Area Employment, Hours, and Earnings","All Employees, In Thousands",Specialty Trade Contractors,Construction,"Des Moines-West Des Moines, IA",2018,M05,May,14.9
SMU19197802023800001,Not Seasonally Adjusted,"State and Area Employment, Hours, and Earnings","All Employees, In Thousands",Specialty Trade Contractors,Construction,"Des Moines-West Des Moines, IA",2018,M04,April,14.3
SMU19197802023800001,Not Seasonally Adjusted,"State and Area Employment, Hours, and Earnings","All Employees, In Thousands",Specialty Trade Contractors,Construction,"Des Moines-West Des Moines, IA",2018,M03,March,13.4
SMU19197802023800001,Not Seasonally Adjusted,"State and Area Employment, Hours, and Earnings","All Employees, In Thousands",Specialty Trade Contractors,Construction,"Des Moines-West Des Moines, IA",2018,M02,February,12.9
SMU19197802023800001,Not Seasonally Adjusted,"State and Area Employment, Hours, and Earnings","All Employees, In Thousands",Specialty Trade Contractors,Construction,"Des Moines-West Des Moines, IA",2018,M01,January,12.8
SMU19197802023800001,Not Seasonally Adjusted,"State and Area Employment, Hours, and Earnings","All Employees, In Thousands",Specialty Trade Contractors,Construction,"Des Moines-West Des Moines, IA",2017,M13,Annual,13.9
SMU19197802023800001,Not Seasonally Adjusted,"State and Area Employment, Hours, and Earnings","All Employees, In Thousands",Specialty Trade Contractors,Construction,"Des Moines-West Des Moines, IA",2017,M12,December,14.1
SMU19197802023800001,Not Seasonally Adjusted,"State and Area Employment, Hours, and Earnings","All Employees, In Thousands",Specialty Trade Contractors,Construction,"Des Moines-West Des Moines, IA",2017,M11,November,14.4
SMU19197802023800001,Not Seasonally Adjusted,"State and Area Employment, Hours, and Earnings","All Employees, In Thousands",Specialty Trade Contractors,Construction,"Des Moines-West Des Moines, IA",2017,M10,October,14.4
SMU19197802023800001,Not Seasonally Adjusted,"State and Area Employment, Hours, and Earnings","All Employees, In Thousands",Specialty Trade Contractors,Construction,"Des Moines-West Des Moines, IA",2017,M09,September,14.6
SMU19197802023800001,Not Seasonally Adjusted,"State and Area Employment, Hours, and Earnings","All Employees, In Thousands",Specialty Trade Contractors,Construction,"Des Moines-West Des Moines, IA",2017,M08,August,14.5
SMU19197802023800001,Not Seasonally Adjusted,"State and Area Employment, Hours, and Earnings","All Employees, In Thousands",Specialty Trade Contractors,Construction,"Des Moines-West Des Moines, IA",2017,M07,July,14.5
SMU19197802023800001,Not Seasonally Adjusted,"State and Area Employment, Hours, and Earnings","All Employees, In Thousands",Specialty Trade Contractors,Construction,"Des Moines-West Des Moines, IA",2017,M06,June,14.3
SMU19197802023800001,Not Seasonally Adjusted,"State and Area Employment, Hours, and Earnings","All Employees, In Thousands",Specialty Trade Contractors,Construction,"Des Moines-West Des Moines, IA",2017,M05,May,13.9
SMU19197802023800001,Not Seasonally Adjusted,"State and Area Employment, Hours, and Earnings","All Employees, In Thousands",Specialty Trade Contractors,Construction,"Des Moines-West Des Moines, IA",2017,M04,April,13.6
SMU19197802023800001,Not Seasonally Adjusted,"State and Area Employment, Hours, and Earnings","All Employees, In Thousands",Specialty Trade Contractors,Construction,"Des Moines-West Des Moines, IA",2017,M03,March,13.1
SMU19197802023800001,Not Seasonally Adjusted,"State and Area Employment, Hours, and Earnings","All Employees, In Thousands",Specialty Trade Contractors,Construction,"Des Moines-West Des Moines, IA",2017,M02,February,12.7
SMU19197802023800001,Not Seasonally Adjusted,"State and Area Employment, Hours, and Earnings","All Employees, In Thousands",Specialty Trade Contractors,Construction,"Des Moines-West Des Moines, IA",2017,M01,January,12.9
SMU19197802023800001,Not Seasonally Adjusted,"State and Area Employment, Hours, and Earnings","All Employees, In Thousands",Specialty Trade Contractors,Construction,"Des Moines-West Des Moines, IA",2016,M13,Annual,13.9
SMU19197802023800001,Not Seasonally Adjusted,"State and Area Employment, Hours, and Earnings","All Employees, In Thousands",Specialty Trade Contractors,Construction,"Des Moines-West Des Moines, IA",2016,M12,December,14.4
SMU19197802023800001,Not Seasonally Adjusted,"State and Area Employment, Hours, and Earnings","All Employees, In Thousands",Specialty Trade Contractors,Construction,"Des Moines-West Des Moines, IA",2016,M11,November,14.6
SMU19197802023800001,Not Seasonally Adjusted,"State and Area Employment, Hours, and Earnings","All Employees, In Thousands",Specialty Trade Contractors,Construction,"Des Moines-West Des Moines, IA",2016,M10,October,15.5
SMU19197802023800001,Not Seasonally Adjusted,"State and Area Employment, Hours, and Earnings","All Employees, In Thousands",Specialty Trade Contractors,Construction,"Des Moines-West Des Moines, IA",2016,M09,September,15.3
SMU19197802023800001,Not Seasonally Adjusted,"State and Area Employment, Hours, and Earnings","All Employees, In Thousands",Specialty Trade Contractors,Construction,"Des Moines-West Des Moines, IA",2016,M08,August,15.1
SMU19197802023800001,Not Seasonally Adjusted,"State and Area Employment, Hours, and Earnings","All Employees, In Thousands",Specialty Trade Contractors,Construction,"Des Moines-West Des Moines, IA",2016,M07,July,15.0
SMU19197802023800001,Not Seasonally Adjusted,"State and Area Employment, Hours, and Earnings","All Employees, In Thousands",Specialty Trade Contractors,Construction,"Des Moines-West Des Moines, IA",2016,M06,June,14.3
SMU19197802023800001,Not Seasonally Adjusted,"State and Area Employment, Hours, and Earnings","All Employees, In Thousands",Specialty Trade Contractors,Construction,"Des Moines-West Des Moines, IA",2016,M05,May,14.0
SMU19197802023800001,Not Seasonally Adjusted,"State and Area Employment, Hours, and Earnings","All Employees, In Thousands",Specialty Trade Contractors,Construction,"Des Moines-West Des Moines, IA",2016,M04,April,13.5
SMU19197802023800001,Not Seasonally Adjusted,"State and Area Employment, Hours, and Earnings","All Employees, In Thousands",Specialty Trade Contractors,Construction,"Des Moines-West Des Moines, IA",2016,M03,March,12.5
SMU19197802023800001,Not Seasonally Adjusted,"State and Area Employment, Hours, and Earnings","All Employees, In Thousands",Specialty Trade Contractors,Construction,"Des Moines-West Des Moines, IA",2016,M02,February,11.6
SMU19197802023800001,Not Seasonally Adjusted,"State and Area Employment, Hours, and Earnings","All Employees, In Thousands",Specialty Trade Contractors,Construction,"Des Moines-West Des Moines, IA",2016,M01,January,11.5
SMU19197802023800001,Not Seasonally Adjusted,"State and Area Employment, Hours, and Earnings","All Employees, In Thousands",Specialty Trade Contractors,Construction,"Des Moines-West Des Moines, IA",2015,M13,Annual,12.1
SMU19197802023800001,Not Seasonally Adjusted,"State and Area Employment, Hours, and Earnings","All Employees, In Thousands",Specialty Trade Contractors,Construction,"Des Moines-West Des Moines, IA",2015,M12,December,12.4
SMU19197802023800001,Not Seasonally Adjusted,"State and Area Employment, Hours, and Earnings","All Employees, In Thousands",Specialty Trade Contractors,Construction,"Des Moines-West Des Moines, IA",2015,M11,November,12.6
SMU19197802023800001,Not Seasonally Adjusted,"State and Area Employment, Hours, and Earnings","All Employees, In Thousands",Specialty Trade Contractors,Construction,"Des Moines-West Des Moines, IA",2015,M10,October,12.5
SMU19197802023800001,Not Seasonally Adjusted,"State and Area Employment, Hours, and Earnings","All Employees, In Thousands",Specialty Trade Contractors,Construction,"Des Moines-West Des Moines, IA",2015,M09,September,12.4
SMU19197802023800001,Not Seasonally Adjusted,"State and Area Employment, Hours, and Earnings","All Employees, In Thousands",Specialty Trade Contractors,Construction,"Des Moines-West Des Moines, IA",2015,M08,August,12.6
SMU19197802023800001,Not Seasonally Adjusted,"State and Area Employment, Hours, and Earnings","All Employees, In Thousands",Specialty Trade Contractors,Construction,"Des Moines-West Des Moines, IA",2015,M07,July,12.7
SMU19197802023800001,Not Seasonally Adjusted,"State and Area Employment, Hours, and Earnings","All Employees, In Thousands",Specialty Trade Contractors,Construction,"Des Moines-West Des Moines, IA",2015,M06,June,12.5
SMU19197802023800001,Not Seasonally Adjusted,"State and Area Employment, Hours, and Earnings","All Employees, In Thousands",Specialty Trade Contractors,Construction,"Des Moines-West Des Moines, IA",2015,M05,May,12.3
SMU19197802023800001,Not Seasonally Adjusted,"State and Area Employment, Hours, and Earnings","All Employees, In Thousands",Specialty Trade Contractors,Construction,"Des Moines-West Des Moines, IA",2015,M04,April,12.2
SMU19197802023800001,Not Seasonally Adjusted,"State and Area Employment, Hours, and Earnings","All Employees, In Thousands",Specialty Trade Contractors,Construction,"Des Moines-West Des Moines, IA",2015,M03,March,11.3
SMU19197802023800001,Not Seasonally Adjusted,"State and Area Employment, Hours, and Earnings","All Employees, In Thousands",Specialty Trade Contractors,Construction,"Des Moines-West Des Moines, IA",2015,M02,February,11.0
SMU19197802023800001,Not Seasonally Adjusted,"State and Area Employment, Hours, and Earnings","All Employees, In Thousands",Specialty Trade Contractors,Construction,"Des Moines-West Des Moines, IA",2015,M01,January,10.9
SMU19197802023800001,Not Seasonally Adjusted,"State and Area Employment, Hours, and Earnings","All Employees, In Thousands",Specialty Trade Contractors,Construction,"Des Moines-West Des Moines, IA",2014,M13,Annual,11.9
SMU19197802023800001,Not Seasonally Adjusted,"State and Area Employment, Hours, and Earnings","All Employees, In Thousands",Specialty Trade Contractors,Construction,"Des Moines-West Des Moines, IA",2014,M12,December,12.0
SMU19197802023800001,Not Seasonally Adjusted,"State and Area Employment, Hours, and Earnings","All Employees, In Thousands",Specialty Trade Contractors,Construction,"Des Moines-West Des Moines, IA",2014,M11,November,12.5
SMU19197802023800001,Not Seasonally Adjusted,"State and Area Employment, Hours, and Earnings","All Employees, In Thousands",Specialty Trade Contractors,Construction,"Des Moines-West Des Moines, IA",2014,M10,October,12.6
SMU19197802023800001,Not Seasonally Adjusted,"State and Area Employment, Hours, and Earnings","All Employees, In Thousands",Specialty Trade Contractors,Construction,"Des Moines-West Des Moines, IA",2014,M09,September,12.4
SMU19197802023800001,Not Seasonally Adjusted,"State and Area Employment, Hours, and Earnings","All Employees, In Thousands",Specialty Trade Contractors,Construction,"Des Moines-West Des Moines, IA",2014,M08,August,12.6
SMU19197802023800001,Not Seasonally Adjusted,"State and Area Employment, Hours, and Earnings","All Employees, In Thousands",Specialty Trade Contractors,Construction,"Des Moines-West Des Moines, IA",2014,M07,July,12.6
SMU19197802023800001,Not Seasonally Adjusted,"State and Area Employment, Hours, and Earnings","All Employees, In Thousands",Specialty Trade Contractors,Construction,"Des Moines-West Des Moines, IA",2014,M06,June,12.6
SMU19197802023800001,Not Seasonally Adjusted,"State and Area Employment, Hours, and Earnings","All Employees, In Thousands",Specialty Trade Contractors,Construction,"Des Moines-West Des Moines, IA",2014,M05,May,12.2
SMU19197802023800001,Not Seasonally Adjusted,"State and Area Employment, Hours, and Earnings","All Employees, In Thousands",Specialty Trade Contractors,Construction,"Des Moines-West Des Moines, IA",2014,M04,April,11.7
SMU19197802023800001,Not Seasonally Adjusted,"State and Area Employment, Hours, and Earnings","All Employees, In Thousands",Specialty Trade Contractors,Construction,"Des Moines-West Des Moines, IA",2014,M03,March,10.7
SMU19197802023800001,Not Seasonally Adjusted,"State and Area Employment, Hours, and Earnings","All Employees, In Thousands",Specialty Trade Contractors,Construction,"Des Moines-West Des Moines, IA",2014,M02,February,10.3
SMU19197802023800001,Not Seasonally Adjusted,"State and Area Employment, Hours, and Earnings","All Employees, In Thousands",Specialty Trade Contractors,Construction,"Des Moines-West Des Moines, IA",2014,M01,January,10.3
SMU19197802023800001,Not Seasonally Adjusted,"State and Area Employment, Hours, and Earnings","All Employees, In Thousands",Specialty Trade Contractors,Construction,"Des Moines-West Des Moines, IA",2013,M13,Annual,10.5
SMU19197802023800001,Not Seasonally Adjusted,"State and Area Employment, Hours, and Earnings","All Employees, In Thousands",Specialty Trade Contractors,Construction,"Des Moines-West Des Moines, IA",2013,M12,December,11.2
SMU19197802023800001,Not Seasonally Adjusted,"State and Area Employment, Hours, and Earnings","All Employees, In Thousands",Specialty Trade Contractors,Construction,"Des Moines-West Des Moines, IA",2013,M11,November,11.6
SMU19197802023800001,Not Seasonally Adjusted,"State and Area Employment, Hours, and Earnings","All Employees, In Thousands",Specialty Trade Contractors,Construction,"Des Moines-West Des Moines, IA",2013,M10,October,11.6
SMU19197802023800001,Not Seasonally Adjusted,"State and Area Employment, Hours, and Earnings","All Employees, In Thousands",Specialty Trade Contractors,Construction,"Des Moines-West Des Moines, IA",2013,M09,September,11.5
SMU19197802023800001,Not Seasonally Adjusted,"State and Area Employment, Hours, and Earnings","All Employees, In Thousands",Specialty Trade Contractors,Construction,"Des Moines-West Des Moines, IA",2013,M08,August,11.4
SMU19197802023800001,Not Seasonally Adjusted,"State and Area Employment, Hours, and Earnings","All Employees, In Thousands",Specialty Trade Contractors,Construction,"Des Moines-West Des Moines, IA",2013,M07,July,11.3
SMU19197802023800001,Not Seasonally Adjusted,"State and Area Employment, Hours, and Earnings","All Employees, In Thousands",Specialty Trade Contractors,Construction,"Des Moines-West Des Moines, IA",2013,M06,June,10.8
SMU19197802023800001,Not Seasonally Adjusted,"State and Area Employment, Hours, and Earnings","All Employees, In Thousands",Specialty Trade Contractors,Construction,"Des Moines-West Des Moines, IA",2013,M05,May,10.3
SMU19197802023800001,Not Seasonally Adjusted,"State and Area Employment, Hours, and Earnings","All Employees, In Thousands",Specialty Trade Contractors,Construction,"Des Moines-West Des Moines, IA",2013,M04,April,9.6
SMU19197802023800001,Not Seasonally Adjusted,"State and Area Employment, Hours, and Earnings","All Employees, In Thousands",Specialty Trade Contractors,Construction,"Des Moines-West Des Moines, IA",2013,M03,March,8.8
SMU19197802023800001,Not Seasonally Adjusted,"State and Area Employment, Hours, and Earnings","All Employees, In Thousands",Specialty Trade Contractors,Construction,"Des Moines-West Des Moines, IA",2013,M02,February,8.7
SMU19197802023800001,Not Seasonally Adjusted,"State and Area Employment, Hours, and Earnings","All Employees, In Thousands",Specialty Trade Contractors,Construction,"Des Moines-West Des Moines, IA",2013,M01,January,8.8
SMU19197802023800001,Not Seasonally Adjusted,"State and Area Employment, Hours, and Earnings","All Employees, In Thousands",Specialty Trade Contractors,Construction,"Des Moines-West Des Moines, IA",2012,M13,Annual,9.4
SMU19197802023800001,Not Seasonally Adjusted,"State and Area Employment, Hours, and Earnings","All Employees, In Thousands",Specialty Trade Contractors,Construction,"Des Moines-West Des Moines, IA",2012,M12,December,9.7
SMU19197802023800001,Not Seasonally Adjusted,"State and Area Employment, Hours, and Earnings","All Employees, In Thousands",Specialty Trade Contractors,Construction,"Des Moines-West Des Moines, IA",2012,M11,November,9.8
SMU19197802023800001,Not Seasonally Adjusted,"State and Area Employment, Hours, and Earnings","All Employees, In Thousands",Specialty Trade Contractors,Construction,"Des Moines-West Des Moines, IA",2012,M10,October,9.9
SMU19197802023800001,Not Seasonally Adjusted,"State and Area Employment, Hours, and Earnings","All Employees, In Thousands",Specialty Trade Contractors,Construction,"Des Moines-West Des Moines, IA",2012,M09,September,10.0
SMU19197802023800001,Not Seasonally Adjusted,"State and Area Employment, Hours, and Earnings","All Employees, In Thousands",Specialty Trade Contractors,Construction,"Des Moines-West Des Moines, IA",2012,M08,August,10.3
SMU19197802023800001,Not Seasonally Adjusted,"State and Area Employment, Hours, and Earnings","All Employees, In Thousands",Specialty Trade Contractors,Construction,"Des Moines-West Des Moines, IA",2012,M07,July,10.3
SMU19197802023800001,Not Seasonally Adjusted,"State and Area Employment, Hours, and Earnings","All Employees, In Thousands",Specialty Trade Contractors,Construction,"Des Moines-West Des Moines, IA",2012,M06,June,9.8
SMU19197802023800001,Not Seasonally Adjusted,"State and Area Employment, Hours, and Earnings","All Employees, In Thousands",Specialty Trade Contractors,Construction,"Des Moines-West Des Moines, IA",2012,M05,May,9.4
SMU19197802023800001,Not Seasonally Adjusted,"State and Area Employment, Hours, and Earnings","All Employees, In Thousands",Specialty Trade Contractors,Construction,"Des Moines-West Des Moines, IA",2012,M04,April,9.0
SMU19197802023800001,Not Seasonally Adjusted,"State and Area Employment, Hours, and Earnings","All Employees, In Thousands",Specialty Trade Contractors,Construction,"Des Moines-West Des Moines, IA",2012,M03,March,8.5
SMU19197802023800001,Not Seasonally Adjusted,"State and Area Employment, Hours, and Earnings","All Employees, In Thousands",Specialty Trade Contractors,Construction,"Des Moines-West Des Moines, IA",2012,M02,February,8.0
SMU19197802023800001,Not Seasonally Adjusted,"State and Area Employment, Hours, and Earnings","All Employees, In Thousands",Specialty Trade Contractors,Construction,"Des Moines-West Des Moines, IA",2012,M01,January,8.2
SMU19197802023800001,Not Seasonally Adjusted,"State and Area Employment, Hours, and Earnings","All Employees, In Thousands",Specialty Trade Contractors,Construction,"Des Moines-West Des Moines, IA",2011,M13,Annual,8.8
SMU19197802023800001,Not Seasonally Adjusted,"State and Area Employment, Hours, and Earnings","All Employees, In Thousands",Specialty Trade Contractors,Construction,"Des Moines-West Des Moines, IA",2011,M12,December,9.2
SMU19197802023800001,Not Seasonally Adjusted,"State and Area Employment, Hours, and Earnings","All Employees, In Thousands",Specialty Trade Contractors,Construction,"Des Moines-West Des Moines, IA",2011,M11,November,9.5
SMU19197802023800001,Not Seasonally Adjusted,"State and Area Employment, Hours, and Earnings","All Employees, In Thousands",Specialty Trade Contractors,Construction,"Des Moines-West Des Moines, IA",2011,M10,October,9.7
SMU19197802023800001,Not Seasonally Adjusted,"State and Area Employment, Hours, and Earnings","All Employees, In Thousands",Specialty Trade Contractors,Construction,"Des Moines-West Des Moines, IA",2011,M09,September,9.6
SMU19197802023800001,Not Seasonally Adjusted,"State and Area Employment, Hours, and Earnings","All Employees, In Thousands",Specialty Trade Contractors,Construction,"Des Moines-West Des Moines, IA",2011,M08,August,9.6
SMU19197802023800001,Not Seasonally Adjusted,"State and Area Employment, Hours, and Earnings","All Employees, In Thousands",Specialty Trade Contractors,Construction,"Des Moines-West Des Moines, IA",2011,M07,July,9.4
SMU19197802023800001,Not Seasonally Adjusted,"State and Area Employment, Hours, and Earnings","All Employees, In Thousands",Specialty Trade Contractors,Construction,"Des Moines-West Des Moines, IA",2011,M06,June,9.2
SMU19197802023800001,Not Seasonally Adjusted,"State and Area Employment, Hours, and Earnings","All Employees, In Thousands",Specialty Trade Contractors,Construction,"Des Moines-West Des Moines, IA",2011,M05,May,8.9
SMU19197802023800001,Not Seasonally Adjusted,"State and Area Employment, Hours, and Earnings","All Employees, In Thousands",Specialty Trade Contractors,Construction,"Des Moines-West Des Moines, IA",2011,M04,April,8.5
SMU19197802023800001,Not Seasonally Adjusted,"State and Area Employment, Hours, and Earnings","All Employees, In Thousands",Specialty Trade Contractors,Construction,"Des Moines-West Des Moines, IA",2011,M03,March,7.6
SMU19197802023800001,Not Seasonally Adjusted,"State and Area Employment, Hours, and Earnings","All Employees, In Thousands",Specialty Trade Contractors,Construction,"Des Moines-West Des Moines, IA",2011,M02,February,7.3
SMU19197802023800001,Not Seasonally Adjusted,"State and Area Employment, Hours, and Earnings","All Employees, In Thousands",Specialty Trade Contractors,Construction,"Des Moines-West Des Moines, IA",2011,M01,January,7.3
SMU19197802023800001,Not Seasonally Adjusted,"State and Area Employment, Hours, and Earnings","All Employees, In Thousands",Specialty Trade Contractors,Construction,"Des Moines-West Des Moines, IA",2010,M13,Annual,8.8
SMU19197802023800001,Not Seasonally Adjusted,"State and Area Employment, Hours, and Earnings","All Employees, In Thousands",Specialty Trade Contractors,Construction,"Des Moines-West Des Moines, IA",2010,M12,December,8.4
SMU19197802023800001,Not Seasonally Adjusted,"State and Area Employment, Hours, and Earnings","All Employees, In Thousands",Specialty Trade Contractors,Construction,"Des Moines-West Des Moines, IA",2010,M11,November,8.9
SMU19197802023800001,Not Seasonally Adjusted,"State and Area Employment, Hours, and Earnings","All Employees, In Thousands",Specialty Trade Contractors,Construction,"Des Moines-West Des Moines, IA",2010,M10,October,8.9
SMU19197802023800001,Not Seasonally Adjusted,"State and Area Employment, Hours, and Earnings","All Employees, In Thousands",Specialty Trade Contractors,Construction,"Des Moines-West Des Moines, IA",2010,M09,September,9.1
SMU19197802023800001,Not Seasonally Adjusted,"State and Area Employment, Hours, and Earnings","All Employees, In Thousands",Specialty Trade Contractors,Construction,"Des Moines-West Des Moines, IA",2010,M08,August,9.3
SMU19197802023800001,Not Seasonally Adjusted,"State and Area Employment, Hours, and Earnings","All Employees, In Thousands",Specialty Trade Contractors,Construction,"Des Moines-West Des Moines, IA",2010,M07,July,9.6
SMU19197802023800001,Not Seasonally Adjusted,"State and Area Employment, Hours, and Earnings","All Employees, In Thousands",Specialty Trade Contractors,Construction,"Des Moines-West Des Moines, IA",2010,M06,June,9.5
SMU19197802023800001,Not Seasonally Adjusted,"State and Area Employment, Hours, and Earnings","All Employees, In Thousands",Specialty Trade Contractors,Construction,"Des Moines-West Des Moines, IA",2010,M05,May,9.2
SMU19197802023800001,Not Seasonally Adjusted,"State and Area Employment, Hours, and Earnings","All Employees, In Thousands",Specialty Trade Contractors,Construction,"Des Moines-West Des Moines, IA",2010,M04,April,9.0
SMU19197802023800001,Not Seasonally Adjusted,"State and Area Employment, Hours, and Earnings","All Employees, In Thousands",Specialty Trade Contractors,Construction,"Des Moines-West Des Moines, IA",2010,M03,March,8.1
SMU19197802023800001,Not Seasonally Adjusted,"State and Area Employment, Hours, and Earnings","All Employees, In Thousands",Specialty Trade Contractors,Construction,"Des Moines-West Des Moines, IA",2010,M02,February,8.0
SMU19197802023800001,Not Seasonally Adjusted,"State and Area Employment, Hours, and Earnings","All Employees, In Thousands",Specialty Trade Contractors,Construction,"Des Moines-West Des Moines, IA",2010,M01,January,8.1
